{"cameraMode":{"drawMode":0,"name":"Shaded","section":"Shading Mode"},"sceneLighting":true,"audioPlay":false,"sceneViewState":{"m_AlwaysRefresh":false,"showFog":false,"showSkybox":true,"showFlares":true,"showImageEffects":true,"showParticleSystems":true,"showVisualEffectGraphs":true,"m_FxEnabled":true},"in2DMode":false,"pivot":{"x":0.2553776502609253,"y":-47.10395050048828,"z":4.083841323852539},"rotation":{"x":-0.6862190961837769,"y":0.008355203084647656,"z":-0.007769234012812376,"w":-0.7273494601249695},"size":45.83281326293945,"orthographic":false}