{"cameraMode":{"drawMode":0,"name":"Shaded","section":"Shading Mode"},"sceneLighting":false,"audioPlay":false,"sceneViewState":{"m_AlwaysRefresh":false,"showFog":false,"showSkybox":true,"showFlares":true,"showImageEffects":true,"showParticleSystems":true,"showVisualEffectGraphs":true,"m_FxEnabled":true},"in2DMode":false,"pivot":{"x":-1.0553480386734009,"y":-0.24353529512882234,"z":143.3709716796875},"rotation":{"x":-0.0021509260404855015,"y":0.9978451728820801,"z":-0.054242171347141269,"w":-0.03800741583108902},"size":0.43531614542007449,"orthographic":false}