{"cameraMode":{"drawMode":0,"name":"Shaded","section":"Shading Mode"},"sceneLighting":true,"audioPlay":false,"sceneViewState":{"m_AlwaysRefresh":false,"showFog":true,"showSkybox":true,"showFlares":true,"showImageEffects":true,"showParticleSystems":true,"showVisualEffectGraphs":true,"m_FxEnabled":true},"in2DMode":false,"pivot":{"x":0.1731211543083191,"y":-0.38214111328125,"z":-7.142945289611816},"rotation":{"x":0.0017761648632586003,"y":0.9979488849639893,"z":-0.055752020329236987,"w":0.03206027299165726},"size":1.3276299238204957,"orthographic":false}