{"cameraMode":{"drawMode":0,"name":"Shaded","section":"Shading Mode"},"sceneLighting":true,"audioPlay":false,"sceneViewState":{"m_AlwaysRefresh":false,"showFog":true,"showSkybox":true,"showFlares":true,"showImageEffects":true,"showParticleSystems":true,"showVisualEffectGraphs":true,"m_FxEnabled":true},"in2DMode":false,"pivot":{"x":14.571565628051758,"y":-12.545514106750489,"z":-30.421627044677736},"rotation":{"x":0.10693331062793732,"y":0.8108659982681274,"z":-0.15663711726665498,"w":0.5536954998970032},"size":10.237434387207032,"orthographic":false}